Workbook

Sheet Distance (70 km)
B2: Valmo-SAVE · Resale radius: how far may a held RTO travel to its next buyer?
B3: Answer: a 70 km network cap. Three independent methods on Olist back-tests (Apr–Jul 2018, unseen) + the freight cliff + a Delhi NCR check. All derived numbers are live formulas.
B5: 0 · THE ANSWER (live)
B6: Each line is a formula pointing at the calculation further down this tab.
B8: Result | C8: Value | D8: How it is computed
B9: Method 1 · all products (26,767 RTOs) | C9: =$E$126 -> 65 | D9: Average of 4 lens elbows (one curve, region types, categories, category × region) · section 3 | AE9: Method | AF9: km
B10: Method 2 · top-20 SKUs (1,487 RTOs) | C10: =$J$173 -> 70 | D10: RTO-weighted mean of the per-SKU elbows · section 4 | AE10: All products | AF10: =$E$126 -> 65
B11: Method 3 · São Paulo metro (209 SKUs) | C11: =$G$216 -> 45 | D11: RTO-weighted mean of 209 SKU elbows · section 5 + appendix | AE11: Top-20 SKUs | AF11: =$J$173 -> 70
B12: Average of the three methods | C12: =ROUND(AVERAGE(C9:C11),0) -> 60 | D12: Simple average, for reference | AE12: São Paulo | AF12: =$G$216 -> 45
B13: NETWORK CAP (largest of the three methods) | C13: =MAX(C9:C11) -> 70 | D13: Covers the SKUs that earn the most (top-20) and stays inside the city network | AE13: Average | AF13: =C12 -> 60
B14: Metros: share of value already reached at the cap | C14: =$I$49 -> 0.88874189 | D14: Engine re-run at each radius · section 2 | AE14: Network cap | AF14: =C13 -> 70
B15: Freight just past 100 km (vs ≤ 25 km) | C15: =$G$248 -> 0.42744657 | D15: Olist delivery costs · section 6 — the cap stays below this cliff
B16: Top-20 SKUs that already pay inside the cap | C16: =$I$309 -> 17 of 20 | D16: Per-SKU break-even radius · section 7b
B17: Delhi NCR towns inside the cap | C17: =$F$367 -> 12 of 16 | D17: Haversine from Connaught Place · section 9
B18: ₹ saved per RTO at the cap: all Brazil / metros | C18: =TEXT($I$52,"₹0.00")&" / "&TEXT($I$53,"₹0.00") -> ₹3.54 / ₹9.81 | D18: Engine back-test on unseen months · section 2
B20: 1 · COST INPUTS (shared with the Time tab)
B21: Team workbook costs. Change a blue cell and every result on both tabs updates.
B23: Input | C23: Value | D23: Unit | E23: Source / meaning
B24: Forward delivery cost (already spent) | C24: 50 | D24: ₹ | E24: Meesho problem statement
B25: Reverse logistics cost (avoided when resold) | C25: 120 | D25: ₹ | E25: Meesho problem statement
B26: Status quo cost of an RTO | C26: =C24+C25 -> 170 | D26: ₹ | E26: Formula: forward + reverse
B27: Handling at the hub | C27: 15 | D27: ₹ | E27: Round-1 deck benchmark
B28: Relabel on resale | C28: 2 | D28: ₹ | E28: Round-1 deck benchmark
B29: Manpower | C29: 8 | D29: ₹ | E29: Round-1 deck benchmark
B30: One-time hold cost | C30: =C27+C28+C29 -> 25 | D30: ₹ | E30: Formula: handling + relabel + manpower
B31: Storage per 30 days | C31: 10 | D31: ₹ | E31: Round-1 deck benchmark
B32: Storage per day | C32: =C31/30 -> 0.33333333 | D32: ₹/day | E32: Formula
B33: Olist average freight per item | C33: 19.95 | D33: R$ | E33: Olist, 112k items; equals the ₹50 average journey
B34: ₹ per R$ of Olist freight (scale) | C34: =C24/C33 -> 2.5062657 | D34: ₹ per R$ | E34: Formula: puts Olist freight on Meesho's ₹50 scale
B35: Saving when a held RTO resells = ₹170 − (₹50 + ₹25 + storage × days) = ₹120 − ₹25 − storage × days.
B37: 2 · ENGINE RE-RUN AT EACH RADIUS (the slide curve)
B38: v2.2 engine back-test on 26,767 unseen RTOs (Apr–Jul 2018), re-run with only the resale radius changed. Metros = São Paulo + Rio "launch" areas (8,351 RTOs).
B40: Resale radius (km) | C40: All Brazil ₹ saved / RTO | D40: 95% low | E40: 95% high | F40: Held share | G40: Resold of held | H40: Metros ₹ / RTO | I40: Mid-size cities ₹ / RTO | J40: Small towns ₹ / RTO | K40: Metros: share of 200-km value | L40: Metros: extra ₹ per +10 km | M40: All Brazil: extra ₹ per +10 km
B41: 0 | C41: 0 | D41: 0 | E41: 0 | F41: 0 | H41: 0 | I41: 0 | J41: 0 | K41: =H41/INDEX($H$41:$H$48,MATCH(200,$B$41:$B$48,0)) -> 0
B42: 10 | C42: 0.3184 | D42: 0.0667 | E42: 0.6128 | F42: 0.0296 | G42: 0.3417 | H42: 1.0098 | I42: 0.0792 | J42: -0.0175 | K42: =H42/INDEX($H$41:$H$48,MATCH(200,$B$41:$B$48,0)) -> 0.09150386 | L42: =(H42-H41)/(B42-B41)*10 -> 1.0098 | M42: =(C42-C41)/(B42-B41)*10 -> 0.3184
B43: 25 | C43: 2.1386 | D43: 1.5404 | E43: 2.7289 | F43: 0.095 | G43: 0.4365 | H43: 6.6246 | I43: 0.5825 | J43: -0.0397 | K43: =H43/INDEX($H$41:$H$48,MATCH(200,$B$41:$B$48,0)) -> 0.6002936 | L43: =(H43-H42)/(B43-B42)*10 -> 3.7432 | M43: =(C43-C42)/(B43-B42)*10 -> 1.2134667
B44: 50 | C44: 3.1547 | D44: 2.3898 | E44: 3.9527 | F44: 0.1339 | G44: 0.4446 | H44: 9.3777 | I44: 0.8662 | J44: 0.1722 | K44: =H44/INDEX($H$41:$H$48,MATCH(200,$B$41:$B$48,0)) -> 0.84976802 | L44: =(H44-H43)/(B44-B43)*10 -> 1.10124 | M44: =(C44-C43)/(B44-B43)*10 -> 0.40644
B45: 70 | C45: 3.5355 | D45: 2.7158 | E45: 4.3672 | F45: 0.1604 | G45: 0.4322 | H45: 9.8078 | I45: 1.3873 | J45: 0.4817 | K45: =H45/INDEX($H$41:$H$48,MATCH(200,$B$41:$B$48,0)) -> 0.88874189 | L45: =(H45-H44)/(B45-B44)*10 -> 0.21505 | M45: =(C45-C44)/(B45-B44)*10 -> 0.1904
B46: 100 | C46: 4.1069 | D46: 3.1136 | E46: 5.0604 | F46: 0.1976 | G46: 0.4217 | H46: 10.267 | I46: 2.4986 | J46: 0.9567 | K46: =H46/INDEX($H$41:$H$48,MATCH(200,$B$41:$B$48,0)) -> 0.93035268 | L46: =(H46-H45)/(B46-B45)*10 -> 0.15306667 | M46: =(C46-C45)/(B46-B45)*10 -> 0.19046667
B47: 150 | C47: 4.953 | D47: 3.7734 | E47: 6.1186 | F47: 0.2388 | G47: 0.4212 | H47: 10.7743 | I47: 3.05 | J47: 2.0914 | K47: =H47/INDEX($H$41:$H$48,MATCH(200,$B$41:$B$48,0)) -> 0.97632208 | L47: =(H47-H46)/(B47-B46)*10 -> 0.10146 | M47: =(C47-C46)/(B47-B46)*10 -> 0.16922
B48: 200 | C48: 5.3806 | D48: 4.0508 | E48: 6.6073 | F48: 0.2696 | G48: 0.4149 | H48: 11.0356 | I48: 3.1216 | J48: 2.7244 | K48: =H48/INDEX($H$41:$H$48,MATCH(200,$B$41:$B$48,0)) -> 1 | L48: =(H48-H47)/(B48-B47)*10 -> 0.05226 | M48: =(C48-C47)/(B48-B47)*10 -> 0.08552
B49: Cap being tested (km) | C49: 70 | E49: Metros: share of value reached at the cap | I49: {=INDEX(K41:K48,MATCH($C$49,B41:B48,0))} -> 0.88874189 | K49: cap marker x | L49: =$C$49 -> 70
E50: Metros: value still to gain from cap to 200 km | I50: =1-$I$49 -> 0.11125811 | K50: cap marker y | L50: =$I$49 -> 0.88874189
E51: Metros: share reached within 25 km | I51: {=INDEX(K41:K48,MATCH(25,B41:B48,0))} -> 0.6002936
E52: All Brazil ₹ / RTO at the cap (headline back-test) | I52: {=INDEX(C41:C48,MATCH($C$49,B41:B48,0))} -> 3.5355
E53: Metros ₹ / RTO at the cap | I53: {=INDEX(H41:H48,MATCH($C$49,B41:B48,0))} -> 9.8078
B56: 3 · METHOD 1 — ALL PRODUCTS (26,767 test RTOs)
B57: Elbow found with the Kneedle rule: normalise radius and ₹ saved to 0–1 (radii ≤ 300 km), the elbow is where (₹ normalised − radius normalised) is largest.
B59: 3a · One curve for all returns, with the Kneedle elbow
B60: Resale radius (km) | C60: ₹ saved per RTO | D60: Held share | E60: Resold of held | F60: Gain per +10 km | G60: 95% low (gain) | H60: 95% high (gain) | I60: Kneedle score (y−x)
B61: 10 | C61: 0.4523 | D61: 0.0349 | E61: 0.373 | I61: =IF(B61<=300,(C61-MIN($C$61:$C$72))/(SUMPRODUCT(MAX(($B$61:$B$72<=300)*$C$61:$C$72))-MIN($C$61:$C$72))-(B61-MIN($B$61:$B$72))/(300-MIN($B$61:$B$72)),"") -> 0
B62: 25 | C62: 2.5704 | D62: 0.1052 | E62: 0.4636 | F62: 1.4121 | G62: 1.1114 | H62: 1.7058 | I62: =IF(B62<=300,(C62-MIN($C$61:$C$72))/(SUMPRODUCT(MAX(($B$61:$B$72<=300)*$C$61:$C$72))-MIN($C$61:$C$72))-(B62-MIN($B$61:$B$72))/(300-MIN($B$61:$B$72)),"") -> 0.22744341
B63: 50 | C63: 3.7283 | D63: 0.1485 | E63: 0.4683 | F63: 0.4632 | G63: 0.3473 | H63: 0.5694 | I63: =IF(B63<=300,(C63-MIN($C$61:$C$72))/(SUMPRODUCT(MAX(($B$61:$B$72<=300)*$C$61:$C$72))-MIN($C$61:$C$72))-(B63-MIN($B$61:$B$72))/(300-MIN($B$61:$B$72)),"") -> 0.29384881
B64: 75 | C64: 4.189 | D64: 0.1816 | E64: 0.4519 | F64: 0.1843 | G64: 0.1055 | H64: 0.2527 | I64: =IF(B64<=300,(C64-MIN($C$61:$C$72))/(SUMPRODUCT(MAX(($B$61:$B$72<=300)*$C$61:$C$72))-MIN($C$61:$C$72))-(B64-MIN($B$61:$B$72))/(300-MIN($B$61:$B$72)),"") -> 0.2683626
B65: 100 | C65: 4.8235 | D65: 0.2145 | E65: 0.4468 | F65: 0.2538 | G65: 0.1679 | H65: 0.3403 | I65: =IF(B65<=300,(C65-MIN($C$61:$C$72))/(SUMPRODUCT(MAX(($B$61:$B$72<=300)*$C$61:$C$72))-MIN($C$61:$C$72))-(B65-MIN($B$61:$B$72))/(300-MIN($B$61:$B$72)),"") -> 0.26578339
B66: 125 | C66: 5.2388 | D66: 0.2391 | E66: 0.4421 | F66: 0.1661 | G66: 0.092 | H66: 0.2451 | I66: =IF(B66<=300,(C66-MIN($C$61:$C$72))/(SUMPRODUCT(MAX(($B$61:$B$72<=300)*$C$61:$C$72))-MIN($C$61:$C$72))-(B66-MIN($B$61:$B$72))/(300-MIN($B$61:$B$72)),"") -> 0.23431342
B67: 150 | C67: 5.7427 | D67: 0.2574 | E67: 0.445 | F67: 0.2015 | G67: 0.1273 | H67: 0.27 | I67: =IF(B67<=300,(C67-MIN($C$61:$C$72))/(SUMPRODUCT(MAX(($B$61:$B$72<=300)*$C$61:$C$72))-MIN($C$61:$C$72))-(B67-MIN($B$61:$B$72))/(300-MIN($B$61:$B$72)),"") -> 0.21452101
B68: 200 | C68: 6.2849 | D68: 0.2905 | E68: 0.4394 | F68: 0.1084 | G68: 0.0667 | H68: 0.1522 | I68: =IF(B68<=300,(C68-MIN($C$61:$C$72))/(SUMPRODUCT(MAX(($B$61:$B$72<=300)*$C$61:$C$72))-MIN($C$61:$C$72))-(B68-MIN($B$61:$B$72))/(300-MIN($B$61:$B$72)),"") -> 0.11356968
B69: 250 | C69: 7.0994 | D69: 0.3211 | E69: 0.4429 | F69: 0.1629 | G69: 0.1083 | H69: 0.2173 | I69: =IF(B69<=300,(C69-MIN($C$61:$C$72))/(SUMPRODUCT(MAX(($B$61:$B$72<=300)*$C$61:$C$72))-MIN($C$61:$C$72))-(B69-MIN($B$61:$B$72))/(300-MIN($B$61:$B$72)),"") -> 0.048507741
B70: 300 | C70: 8.0395 | D70: 0.352 | E70: 0.4483 | F70: 0.188 | G70: 0.1372 | H70: 0.2375 | I70: =IF(B70<=300,(C70-MIN($C$61:$C$72))/(SUMPRODUCT(MAX(($B$61:$B$72<=300)*$C$61:$C$72))-MIN($C$61:$C$72))-(B70-MIN($B$61:$B$72))/(300-MIN($B$61:$B$72)),"") -> 0
B71: 400 | C71: 11.0136 | D71: 0.4409 | E71: 0.4638 | F71: 0.2974 | G71: 0.2577 | H71: 0.3369 | I71: =IF(B71<=300,(C71-MIN($C$61:$C$72))/(SUMPRODUCT(MAX(($B$61:$B$72<=300)*$C$61:$C$72))-MIN($C$61:$C$72))-(B71-MIN($B$61:$B$72))/(300-MIN($B$61:$B$72)),"")
B72: 500 | C72: 13.0454 | D72: 0.4955 | E72: 0.4737 | F72: 0.2032 | G72: 0.1728 | H72: 0.2323 | I72: =IF(B72<=300,(C72-MIN($C$61:$C$72))/(SUMPRODUCT(MAX(($B$61:$B$72<=300)*$C$61:$C$72))-MIN($C$61:$C$72))-(B72-MIN($B$61:$B$72))/(300-MIN($B$61:$B$72)),"")
B73: Elbow (Kneedle, ≤ 300 km) | C73: {=INDEX($B$61:$B$72,MATCH(MAX($I$61:$I$72),$I$61:$I$72,0))} -> 50
B75: 3b · Region types: metros, mid-size cities, small towns
B76: Resale radius (km) | C76: Metros ₹/RTO | D76: Mid-size ₹/RTO | E76: Small towns ₹/RTO | F76: Kneedle: metros | G76: Kneedle: mid-size | H76: Kneedle: small towns
B77: 10 | C77: 1.464 | D77: 0.085 | E77: -0.034 | F77: =IF(B77<=300,(C77-MIN($C$77:$C$88))/(SUMPRODUCT(MAX(($B$77:$B$88<=300)*$C$77:$C$88))-MIN($C$77:$C$88))-(B77-MIN($B$77:$B$88))/(300-MIN($B$77:$B$88)),"") -> 0 | G77: =IF(B77<=300,(D77-MIN($D$77:$D$88))/(SUMPRODUCT(MAX(($B$77:$B$88<=300)*$D$77:$D$88))-MIN($D$77:$D$88))-(B77-MIN($B$77:$B$88))/(300-MIN($B$77:$B$88)),"") -> 0 | H77: =IF(B77<=300,(E77-MIN($E$77:$E$88))/(SUMPRODUCT(MAX(($B$77:$B$88<=300)*$E$77:$E$88))-MIN($E$77:$E$88))-(B77-MIN($B$77:$B$88))/(300-MIN($B$77:$B$88)),"") -> 0.0074403342
B78: 25 | C78: 8.0807 | D78: 0.5523 | E78: -0.073 | F78: =IF(B78<=300,(C78-MIN($C$77:$C$88))/(SUMPRODUCT(MAX(($B$77:$B$88<=300)*$C$77:$C$88))-MIN($C$77:$C$88))-(B78-MIN($B$77:$B$88))/(300-MIN($B$77:$B$88)),"") -> 0.45534154 | G78: =IF(B78<=300,(D78-MIN($D$77:$D$88))/(SUMPRODUCT(MAX(($B$77:$B$88<=300)*$D$77:$D$88))-MIN($D$77:$D$88))-(B78-MIN($B$77:$B$88))/(300-MIN($B$77:$B$88)),"") -> 0.045550993 | H78: =IF(B78<=300,(E78-MIN($E$77:$E$88))/(SUMPRODUCT(MAX(($B$77:$B$88<=300)*$E$77:$E$88))-MIN($E$77:$E$88))-(B78-MIN($B$77:$B$88))/(300-MIN($B$77:$B$88)),"") -> -0.051724138
B79: 50 | C79: 11.2054 | D79: 0.8827 | E79: 0.1737 | F79: =IF(B79<=300,(C79-MIN($C$77:$C$88))/(SUMPRODUCT(MAX(($B$77:$B$88<=300)*$C$77:$C$88))-MIN($C$77:$C$88))-(B79-MIN($B$77:$B$88))/(300-MIN($B$77:$B$88)),"") -> 0.6085936 | G79: =IF(B79<=300,(D79-MIN($D$77:$D$88))/(SUMPRODUCT(MAX(($B$77:$B$88<=300)*$D$77:$D$88))-MIN($D$77:$D$88))-(B79-MIN($B$77:$B$88))/(300-MIN($B$77:$B$88)),"") -> 0.028121548 | H79: =IF(B79<=300,(E79-MIN($E$77:$E$88))/(SUMPRODUCT(MAX(($B$77:$B$88<=300)*$E$77:$E$88))-MIN($E$77:$E$88))-(B79-MIN($B$77:$B$88))/(300-MIN($B$77:$B$88)),"") -> -0.090866151
B80: 75 | C80: 11.4152 | D80: 1.6996 | E80: 0.675 | F80: =IF(B80<=300,(C80-MIN($C$77:$C$88))/(SUMPRODUCT(MAX(($B$77:$B$88<=300)*$C$77:$C$88))-MIN($C$77:$C$88))-(B80-MIN($B$77:$B$88))/(300-MIN($B$77:$B$88)),"") -> 0.53846457 | G80: =IF(B80<=300,(D80-MIN($D$77:$D$88))/(SUMPRODUCT(MAX(($B$77:$B$88<=300)*$D$77:$D$88))-MIN($D$77:$D$88))-(B80-MIN($B$77:$B$88))/(300-MIN($B$77:$B$88)),"") -> 0.11196399 | H80: =IF(B80<=300,(E80-MIN($E$77:$E$88))/(SUMPRODUCT(MAX(($B$77:$B$88<=300)*$E$77:$E$88))-MIN($E$77:$E$88))-(B80-MIN($B$77:$B$88))/(300-MIN($B$77:$B$88)),"") -> -0.081436136
B81: 100 | C81: 12.035 | D81: 2.9275 | E81: 1.1397 | F81: =IF(B81<=300,(C81-MIN($C$77:$C$88))/(SUMPRODUCT(MAX(($B$77:$B$88<=300)*$C$77:$C$88))-MIN($C$77:$C$88))-(B81-MIN($B$77:$B$88))/(300-MIN($B$77:$B$88)),"") -> 0.49975556 | G81: =IF(B81<=300,(D81-MIN($D$77:$D$88))/(SUMPRODUCT(MAX(($B$77:$B$88<=300)*$D$77:$D$88))-MIN($D$77:$D$88))-(B81-MIN($B$77:$B$88))/(300-MIN($B$77:$B$88)),"") -> 0.28136191 | H81: =IF(B81<=300,(E81-MIN($E$77:$E$88))/(SUMPRODUCT(MAX(($B$77:$B$88<=300)*$E$77:$E$88))-MIN($E$77:$E$88))-(B81-MIN($B$77:$B$88))/(300-MIN($B$77:$B$88)),"") -> -0.078988588
B82: 125 | C82: 12.334 | D82: 3.1438 | E82: 1.6836 | F82: =IF(B82<=300,(C82-MIN($C$77:$C$88))/(SUMPRODUCT(MAX(($B$77:$B$88<=300)*$C$77:$C$88))-MIN($C$77:$C$88))-(B82-MIN($B$77:$B$88))/(300-MIN($B$77:$B$88)),"") -> 0.4364623 | G82: =IF(B82<=300,(D82-MIN($D$77:$D$88))/(SUMPRODUCT(MAX(($B$77:$B$88<=300)*$D$77:$D$88))-MIN($D$77:$D$88))-(B82-MIN($B$77:$B$88))/(300-MIN($B$77:$B$88)),"") -> 0.24018093 | H82: =IF(B82<=300,(E82-MIN($E$77:$E$88))/(SUMPRODUCT(MAX(($B$77:$B$88<=300)*$E$77:$E$88))-MIN($E$77:$E$88))-(B82-MIN($B$77:$B$88))/(300-MIN($B$77:$B$88)),"") -> -0.061431439
B83: 150 | C83: 12.5395 | D83: 3.4921 | E83: 2.4102 | F83: =IF(B83<=300,(C83-MIN($C$77:$C$88))/(SUMPRODUCT(MAX(($B$77:$B$88<=300)*$C$77:$C$88))-MIN($C$77:$C$88))-(B83-MIN($B$77:$B$88))/(300-MIN($B$77:$B$88)),"") -> 0.36600374 | G83: =IF(B83<=300,(D83-MIN($D$77:$D$88))/(SUMPRODUCT(MAX(($B$77:$B$88<=300)*$D$77:$D$88))-MIN($D$77:$D$88))-(B83-MIN($B$77:$B$88))/(300-MIN($B$77:$B$88)),"") -> 0.22647762 | H83: =IF(B83<=300,(E83-MIN($E$77:$E$88))/(SUMPRODUCT(MAX(($B$77:$B$88<=300)*$E$77:$E$88))-MIN($E$77:$E$88))-(B83-MIN($B$77:$B$88))/(300-MIN($B$77:$B$88)),"") -> -0.009019185
B84: 200 | C84: 13.0535 | D84: 3.6477 | E84: 3.0854 | F84: =IF(B84<=300,(C84-MIN($C$77:$C$88))/(SUMPRODUCT(MAX(($B$77:$B$88<=300)*$C$77:$C$88))-MIN($C$77:$C$88))-(B84-MIN($B$77:$B$88))/(300-MIN($B$77:$B$88)),"") -> 0.23297993 | G84: =IF(B84<=300,(D84-MIN($D$77:$D$88))/(SUMPRODUCT(MAX(($B$77:$B$88<=300)*$D$77:$D$88))-MIN($D$77:$D$88))-(B84-MIN($B$77:$B$88))/(300-MIN($B$77:$B$88)),"") -> 0.086454181 | H84: =IF(B84<=300,(E84-MIN($E$77:$E$88))/(SUMPRODUCT(MAX(($B$77:$B$88<=300)*$E$77:$E$88))-MIN($E$77:$E$88))-(B84-MIN($B$77:$B$88))/(300-MIN($B$77:$B$88)),"") -> -0.052619807
B85: 250 | C85: 13.6569 | D85: 4.2308 | E85: 4.0941 | F85: =IF(B85<=300,(C85-MIN($C$77:$C$88))/(SUMPRODUCT(MAX(($B$77:$B$88<=300)*$C$77:$C$88))-MIN($C$77:$C$88))-(B85-MIN($B$77:$B$88))/(300-MIN($B$77:$B$88)),"") -> 0.10680723 | G85: =IF(B85<=300,(D85-MIN($D$77:$D$88))/(SUMPRODUCT(MAX(($B$77:$B$88<=300)*$D$77:$D$88))-MIN($D$77:$D$88))-(B85-MIN($B$77:$B$88))/(300-MIN($B$77:$B$88)),"") -> 0.035420933 | H85: =IF(B85<=300,(E85-MIN($E$77:$E$88))/(SUMPRODUCT(MAX(($B$77:$B$88<=300)*$E$77:$E$88))-MIN($E$77:$E$88))-(B85-MIN($B$77:$B$88))/(300-MIN($B$77:$B$88)),"") -> -0.032596032
B86: 300 | C86: 14.513 | D86: 4.8889 | E86: 5.1687 | F86: =IF(B86<=300,(C86-MIN($C$77:$C$88))/(SUMPRODUCT(MAX(($B$77:$B$88<=300)*$C$77:$C$88))-MIN($C$77:$C$88))-(B86-MIN($B$77:$B$88))/(300-MIN($B$77:$B$88)),"") -> 0 | G86: =IF(B86<=300,(D86-MIN($D$77:$D$88))/(SUMPRODUCT(MAX(($B$77:$B$88<=300)*$D$77:$D$88))-MIN($D$77:$D$88))-(B86-MIN($B$77:$B$88))/(300-MIN($B$77:$B$88)),"") -> 0 | H86: =IF(B86<=300,(E86-MIN($E$77:$E$88))/(SUMPRODUCT(MAX(($B$77:$B$88<=300)*$E$77:$E$88))-MIN($E$77:$E$88))-(B86-MIN($B$77:$B$88))/(300-MIN($B$77:$B$88)),"") -> 0
B87: 400 | C87: 18.4346 | D87: 8.1716 | E87: 7.4909 | F87: =IF(B87<=300,(C87-MIN($C$77:$C$88))/(SUMPRODUCT(MAX(($B$77:$B$88<=300)*$C$77:$C$88))-MIN($C$77:$C$88))-(B87-MIN($B$77:$B$88))/(300-MIN($B$77:$B$88)),"") | G87: =IF(B87<=300,(D87-MIN($D$77:$D$88))/(SUMPRODUCT(MAX(($B$77:$B$88<=300)*$D$77:$D$88))-MIN($D$77:$D$88))-(B87-MIN($B$77:$B$88))/(300-MIN($B$77:$B$88)),"") | H87: =IF(B87<=300,(E87-MIN($E$77:$E$88))/(SUMPRODUCT(MAX(($B$77:$B$88<=300)*$E$77:$E$88))-MIN($E$77:$E$88))-(B87-MIN($B$77:$B$88))/(300-MIN($B$77:$B$88)),"")
B88: 500 | C88: 20.0857 | D88: 10.2837 | E88: 9.7232 | F88: =IF(B88<=300,(C88-MIN($C$77:$C$88))/(SUMPRODUCT(MAX(($B$77:$B$88<=300)*$C$77:$C$88))-MIN($C$77:$C$88))-(B88-MIN($B$77:$B$88))/(300-MIN($B$77:$B$88)),"") | G88: =IF(B88<=300,(D88-MIN($D$77:$D$88))/(SUMPRODUCT(MAX(($B$77:$B$88<=300)*$D$77:$D$88))-MIN($D$77:$D$88))-(B88-MIN($B$77:$B$88))/(300-MIN($B$77:$B$88)),"") | H88: =IF(B88<=300,(E88-MIN($E$77:$E$88))/(SUMPRODUCT(MAX(($B$77:$B$88<=300)*$E$77:$E$88))-MIN($E$77:$E$88))-(B88-MIN($B$77:$B$88))/(300-MIN($B$77:$B$88)),"")
B89: Region type | C89: Test RTOs | D89: Elbow (km) | E89: Used in lens?
B90: Metros (São Paulo, Rio) | C90: 8351 | D90: {=INDEX($B$77:$B$88,MATCH(MAX($F$77:$F$88),$F$77:$F$88,0))} -> 50 | E90: Yes
B91: Mid-size cities | C91: 4261 | D91: {=INDEX($B$77:$B$88,MATCH(MAX($G$77:$G$88),$G$77:$G$88,0))} -> 100 | E91: Yes
B92: Small towns | C92: 14155 | D92: {=INDEX($B$77:$B$88,MATCH(MAX($H$77:$H$88),$H$77:$H$88,0))} -> 10 | E92: No: no local elbow (curve keeps rising)
B93: Region-type elbow (weighted by RTOs, metros + mid-size) | D93: =(D90*C90+D91*C91)/(C90+C91) -> 66.892642
B95: 3c · Product categories (elbow per category) and category × region type
B96: Category | C96: Test RTOs | D96: Elbow (km) | E96: ₹/RTO at 50 km | F96: ₹/RTO at 100 km | G96: ₹/RTO at 300 km | I96: Category | J96: Region | K96: Test RTOs | L96: Elbow (km)
B97: health beauty | C97: 2738 | D97: 50 | E97: 7.272 | F97: 8.9797 | G97: 14.1561 | I97: auto | J97: metro | K97: 327 | L97: 50
B98: bed bath table | C98: 2650 | D98: 50 | E98: 3.941 | F98: 5.0465 | G98: 7.4169 | I98: baby | J98: metro | K98: 236 | L98: 50
B99: watches gifts | C99: 1988 | D99: 50 | E99: 8.8667 | F99: 11.2787 | G99: 18.7049 | I99: bed bath table | J99: metro | K99: 939 | L99: 50
B100: sports leisure | C100: 1877 | D100: 100 | E100: 1.0764 | F100: 1.4743 | G100: 2.0954 | I100: bed bath table | J100: mid-size | K100: 376 | L100: 100
B101: computers accessories | C101: 1780 | D101: 50 | E101: 6.9202 | F101: 9.3753 | G101: 16.1419 | I101: computers accessories | J101: metro | K101: 532 | L101: 50
B102: housewares | C102: 1747 | D102: 200 | E102: 0.8874 | F102: 1.261 | G102: 2.7073 | I102: computers accessories | J102: mid-size | K102: 269 | L102: 100
B103: furniture decor | C103: 1662 | D103: 25 | E103: 3.0183 | F103: 4.279 | G103: 8.0158 | I103: electronics | J103: metro | K103: 228 | L103: 50
B104: auto | C104: 1203 | D104: 75 | E104: 1.478 | F104: 2.1089 | G104: 2.9958 | I104: furniture decor | J104: metro | K104: 486 | L104: 25
B105: telephony | C105: 931 | D105: 100 | E105: 0.7462 | F105: 2.0297 | G105: 4.42 | I105: furniture decor | J105: mid-size | K105: 283 | L105: 250
B106: baby | C106: 841 | D106: 50 | E106: 3.0991 | F106: 4.069 | G106: 7.6405 | I106: garden tools | J106: metro | K106: 209 | L106: 50
B107: garden tools | C107: 817 | D107: 100 | E107: 5.9123 | F107: 9.8972 | G107: 17.084 | I107: health beauty | J107: metro | K107: 922 | L107: 50
B108: toys | C108: 764 | D108: 10 | E108: -0.5118 | F108: -0.0065 | G108: 0.5733 | I108: health beauty | J108: mid-size | K108: 451 | L108: 125
... B116: construction tools construction | C116: 336 | D116: 50 | E116: 1.9603 | F116: 1.1944 | G116: 2.121 | I116: watches gifts | J116: metro | K116: 621 | L116: 50
I117: watches gifts | J117: mid-size | K117: 307 | L117: 150
B118: Weighted elbow (by RTOs) | D118: =SUMPRODUCT(C97:C116,D97:D116)/SUM(C97:C116) -> 68.098752 | I118: Weighted elbow (by RTOs) | L118: =SUMPRODUCT(K97:K117,L97:L117)/SUM(K97:K117) -> 76.925078
B120: 3d · Method 1 answer: average of the four "lenses"
...

Sheet Time (21 days)
B2: Valmo-SAVE · Holding time: how long may an RTO wait at the hub for a local buyer?
B3: Answer: a 21-day cap, inside Meesho's 45-day lost-shipment rule. Three methods on the same unseen back-test, the economics of one more day, and a per-SKU check at 70 km. All derived numbers are live formulas.
B5: 0 · THE ANSWER (live)
B6: Each line is a formula pointing at the calculation further down this tab.
B8: Result | C8: Value | D8: How it is computed
B9: Method 1 · all products (21,055 RTOs) | C9: =$E$160 -> 21 | D9: Average of 5 lens elbows · section 4 | AK9: days
B10: Method 2 · top-20 SKUs (1,303 RTOs) | C10: =$K$190 -> 15 | D10: Average of pooled elbow and RTO-weighted SKU elbows · section 5 | AJ10: All products | AK10: =$E$160 -> 21
B11: Method 3 · São Paulo metro (5,108 RTOs) | C11: =$E$210 -> 17 | D11: Average of pooled elbow and two SKU groups · section 6 | AJ11: Top-20 SKUs | AK11: =$K$190 -> 15
B12: Average of the three methods | C12: =ROUND(AVERAGE(C9:C11),0) -> 18 | D12: Simple average, for reference | AJ12: São Paulo | AK12: =$E$210 -> 17
B13: WHOLE-CATALOGUE HOLD CAP (largest of the three) | C13: =MAX(C9:C11) -> 21 | D13: One SOP number for every SKU; the per-day stop rule still releases weak SKUs earlier | AJ13: Average | AK13: =C12 -> 18
B14: Room under the 45-day rule (median lane) | C14: =$D$255 -> 25 | D14: Section 7: 45 − 3 NDR − 2 buffer − 2 × 7.1 lane days | AJ14: Hold cap | AK14: =C13 -> 21
B15: Effective cap per RTO | C15: ="min("&TEXT(C13,"0")&" d, own room)" -> min(21 d, own room) | D15: Section 7
B16: Share of 60-day saving captured at day 21 (all / top-20 / SP) | C16: =TEXT($G$98,"0%")&" / "&TEXT($H$98,"0%")&" / "&TEXT($I$98,"0%") -> 72% / 76% / 75% | D16: Section 2
B17: Extra ₹ per RTO per day: week 1 vs after day 21 (all products) | C17: =TEXT($E$107,"₹0.00")&" → "&TEXT($E$110,"₹0.00")&" ("&TEXT($E$113,"0.0")&"× less)" -> ₹0.26 → ₹0.06 (4.3× less) | D17: Section 3
B18: P required to hold 21 days vs held RTOs resold by day 21 | C18: =TEXT($C$100,"0.0%")&" vs "&TEXT($P$100,"0.0%") -> 26.7% vs 33.6% | D18: Section 2: the average held RTO clears the bar
B19: Top-20 SKUs that pay at 70 km and 21 days | C19: =$K$284 -> 20 of 20 | D19: Section 8
B21: 1 · THE ECONOMICS OF ONE MORE DAY
B22: Costs link to the Distance tab (green). A held RTO is worth holding only while its chance of resale beats P required = (hold cost + storage × days) ÷ reverse cost.
B24: Cost line | C24: Value | D24: Unit
B25: Forward cost (sunk) | C25: ='Distance (70 km)'!$C$24 -> 50 | D25: ₹
B26: Reverse cost (avoided if resold) | C26: ='Distance (70 km)'!$C$25 -> 120 | D26: ₹
B27: Status quo per RTO | C27: ='Distance (70 km)'!$C$26 -> 170 | D27: ₹
B28: One-time hold cost | C28: ='Distance (70 km)'!$C$30 -> 25 | D28: ₹
B29: Storage per day | C29: ='Distance (70 km)'!$C$32 -> 0.33333333 | D29: ₹/day
B31: E[cost](T) = 75 + storage × E[days] + 120 × (1 − P(T)) → HOLD if below ₹170, i.e. if P(T) ≥ (25 + storage × E[days]) ÷ 120
B33: 2 · THREE BACK-TESTED CURVES: ₹ saved per RTO for every hold cap from 1 to 60 days
B34: Method 1 = all products (21,055 RTOs) · Method 2 = top-20 SKUs (1,303) · Method 3 = São Paulo metro (5,108). Kneedle elbow on days 1–60.
B36: Hold cap (days) | C36: P required to hold (break-even) | D36: M1 ₹/RTO all products | E36: M2 ₹/RTO top-20 | F36: M3 ₹/RTO São Paulo | G36: M1 share of 60-day value | H36: M2 share | I36: M3 share | J36: M1 extra ₹ for this day | K36: M2 extra ₹ | L36: M3 extra ₹ | M36: M1 Kneedle score | N36: M2 Kneedle score | O36: M3 Kneedle score | P36: M1 held RTOs resold by now | Q36: M2 resold by now | R36: M3 resold by now
B37: 1 | C37: =($C$28+$C$29*B37)/$C$26 -> 0.21111111 | D37: -0.1097 | E37: 0.0829 | F37: -0.1804 | G37: =D37/D$96 -> -0.019934581 | H37: =E37/E$96 -> 0.0025462878 | I37: =F37/F$96 -> -0.010656459 | M37: =(D37-MIN(D$37:D$96))/(MAX(D$37:D$96)-MIN(D$37:D$96))-(B37-1)/59 -> 0 | N37: =(E37-MIN(E$37:E$96))/(MAX(E$37:E$96)-MIN(E$37:E$96))-(B37-1)/59 -> 0 | O37: =(F37-MIN(F$37:F$96))/(MAX(F$37:F$96)-MIN(F$37:F$96))-(B37-1)/59 -> 0 | P37: 0.048 | Q37: 0.1078 | R37: 0.0639
B38: 2 | C38: =($C$28+$C$29*B38)/$C$26 -> 0.21388889 | D38: 0.105 | E38: 3.1269 | F38: 0.83 | G38: =D38/D$96 -> 0.019080502 | H38: =E38/E$96 -> 0.096043272 | I38: =F38/F$96 -> 0.049029163 | J38: =D38-D37 -> 0.2147 | K38: =E38-E37 -> 3.044 | L38: =F38-F37 -> 1.0104 | M38: =(D38-MIN(D$37:D$96))/(MAX(D$37:D$96)-MIN(D$37:D$96))-(B38-1)/59 -> 0.021303382 | N38: =(E38-MIN(E$37:E$96))/(MAX(E$37:E$96)-MIN(E$37:E$96))-(B38-1)/59 -> 0.076786509 | O38: =(F38-MIN(F$37:F$96))/(MAX(F$37:F$96)-MIN(F$37:F$96))-(B38-1)/59 -> 0.042107139 | P38: 0.0798 | Q38: 0.1652 | R38: 0.1047
B39: 3 | C39: =($C$28+$C$29*B39)/$C$26 -> 0.21666667 | D39: 0.3447 | E39: 6.7644 | F39: 1.7037 | G39: =D39/D$96 -> 0.062638561 | H39: =E39/E$96 -> 0.20776971 | I39: =F39/F$96 -> 0.10063974 | J39: =D39-D38 -> 0.2397 | K39: =E39-E38 -> 3.6375 | L39: =F39-F38 -> 0.8737 | M39: =(D39-MIN(D$37:D$96))/(MAX(D$37:D$96)-MIN(D$37:D$96))-(B39-1)/59 -> 0.047060948 | N39: =(E39-MIN(E$37:E$96))/(MAX(E$37:E$96)-MIN(E$37:E$96))-(B39-1)/59 -> 0.17184901 | O39: =(F39-MIN(F$37:F$96))/(MAX(F$37:F$96)-MIN(F$37:F$96))-(B39-1)/59 -> 0.076224378 | P39: 0.1045 | Q39: 0.2125 | R39: 0.1382
B40: 4 | C40: =($C$28+$C$29*B40)/$C$26 -> 0.21944444 | D40: 0.5923 | E40: 9.1207 | F40: 2.8086 | G40: =D40/D$96 -> 0.1076322 | H40: =E40/E$96 -> 0.28014387 | I40: =F40/F$96 -> 0.1659076 | J40: =D40-D39 -> 0.2476 | K40: =E40-E39 -> 2.3563 | L40: =F40-F39 -> 1.1049 | M40: =(D40-MIN(D$37:D$96))/(MAX(D$37:D$96)-MIN(D$37:D$96))-(B40-1)/59 -> 0.074226036 | N40: =(E40-MIN(E$37:E$96))/(MAX(E$37:E$96)-MIN(E$37:E$96))-(B40-1)/59 -> 0.22745877 | O40: =(F40-MIN(F$37:F$96))/(MAX(F$37:F$96)-MIN(F$37:F$96))-(B40-1)/59 -> 0.12385489 | P40: 0.1312 | Q40: 0.2578 | R40: 0.1724
B41: 5 | C41: =($C$28+$C$29*B41)/$C$26 -> 0.22222222 | D41: 0.8296 | E41: 11.1144 | F41: 3.8181 | G41: =D41/D$96 -> 0.15075413 | H41: =E41/E$96 -> 0.34138071 | I41: =F41/F$96 -> 0.22554006 | J41: =D41-D40 -> 0.2373 | K41: =E41-E40 -> 1.9937 | L41: =F41-F40 -> 1.0095 | M41: =(D41-MIN(D$37:D$96))/(MAX(D$37:D$96)-MIN(D$37:D$96))-(B41-1)/59 -> 0.099556001 | N41: =(E41-MIN(E$37:E$96))/(MAX(E$37:E$96)-MIN(E$37:E$96))-(B41-1)/59 -> 0.27190278 | O41: =(F41-MIN(F$37:F$96))/(MAX(F$37:F$96)-MIN(F$37:F$96))-(B41-1)/59 -> 0.16590943 | P41: 0.1528 | Q41: 0.289 | R41: 0.1997
B42: 6 | C42: =($C$28+$C$29*B42)/$C$26 -> 0.225 | D42: 1.1087 | E42: 12.4224 | F42: 4.7863 | G42: =D42/D$96 -> 0.20147192 | H42: =E42/E$96 -> 0.38155615 | I42: =F42/F$96 -> 0.28273287 | J42: =D42-D41 -> 0.2791 | K42: =E42-E41 -> 1.308 | L42: =F42-F41 -> 0.9682 | M42: =(D42-MIN(D$37:D$96))/(MAX(D$37:D$96)-MIN(D$37:D$96))-(B42-1)/59 -> 0.13233336 | N42: =(E42-MIN(E$37:E$96))/(MAX(E$37:E$96)-MIN(E$37:E$96))-(B42-1)/59 -> 0.29523163 | O42: =(F42-MIN(F$37:F$96))/(MAX(F$37:F$96)-MIN(F$37:F$96))-(B42-1)/59 -> 0.20555004 | P42: 0.1721 | Q42: 0.3132 | R42: 0.2236
B43: 7 | C43: =($C$28+$C$29*B43)/$C$26 -> 0.22777778 | D43: 1.4445 | E43: 14.2591 | F43: 5.779 | G43: =D43/D$96 -> 0.26249319 | H43: =E43/E$96 -> 0.43797071 | I43: =F43/F$96 -> 0.34137293 | J43: =D43-D42 -> 0.3358 | K43: =E43-E42 -> 1.8367 | L43: =F43-F42 -> 0.9927 | M43: =(D43-MIN(D$37:D$96))/(MAX(D$37:D$96)-MIN(D$37:D$96))-(B43-1)/59 -> 0.17521281 | N43: =(E43-MIN(E$37:E$96))/(MAX(E$37:E$96)-MIN(E$37:E$96))-(B43-1)/59 -> 0.33484105 | O43: =(F43-MIN(F$37:F$96))/(MAX(F$37:F$96)-MIN(F$37:F$96))-(B43-1)/59 -> 0.24662265 | P43: 0.1906 | Q43: 0.3374 | R43: 0.246
B44: 8 | C44: =($C$28+$C$29*B44)/$C$26 -> 0.23055556 | D44: 1.7164 | E44: 15.3648 | F44: 6.6829 | G44: =D44/D$96 -> 0.3119026 | H44: =E44/E$96 -> 0.47193248 | I44: =F44/F$96 -> 0.39476747 | J44: =D44-D43 -> 0.2719 | K44: =E44-E43 -> 1.1057 | L44: =F44-F43 -> 0.9039 | M44: =(D44-MIN(D$37:D$96))/(MAX(D$37:D$96)-MIN(D$37:D$96))-(B44-1)/59 -> 0.20670737 | N44: =(E44-MIN(E$37:E$96))/(MAX(E$37:E$96)-MIN(E$37:E$96))-(B44-1)/59 -> 0.35194036 | O44: =(F44-MIN(F$37:F$96))/(MAX(F$37:F$96)-MIN(F$37:F$96))-(B44-1)/59 -> 0.28250503 | P44: 0.2067 | Q44: 0.3555 | R44: 0.2654
B45: 9 | C45: =($C$28+$C$29*B45)/$C$26 -> 0.23333333 | D45: 1.8699 | E45: 16.4392 | F45: 7.2177 | G45: =D45/D$96 -> 0.33979647 | H45: =E45/E$96 -> 0.50493286 | I45: =F45/F$96 -> 0.42635879 | J45: =D45-D44 -> 0.1535 | K45: =E45-E44 -> 1.0744 | L45: =F45-F44 -> 0.5348 | M45: =(D45-MIN(D$37:D$96))/(MAX(D$37:D$96)-MIN(D$37:D$96))-(B45-1)/59 -> 0.21710691 | N45: =(E45-MIN(E$37:E$96))/(MAX(E$37:E$96)-MIN(E$37:E$96))-(B45-1)/59 -> 0.36807583 | O45: =(F45-MIN(F$37:F$96))/(MAX(F$37:F$96)-MIN(F$37:F$96))-(B45-1)/59 -> 0.2968141 | P45: 0.2191 | Q45: 0.3716 | R45: 0.2802
B46: 10 | C46: =($C$28+$C$29*B46)/$C$26 -> 0.23611111 | D46: 2.194 | E46: 18.1074 | F46: 8.1077 | G46: =D46/D$96 -> 0.39869162 | H46: =E46/E$96 -> 0.55617191 | I46: =F46/F$96 -> 0.47893223 | J46: =D46-D45 -> 0.3241 | K46: =E46-E45 -> 1.6682 | L46: =F46-F45 -> 0.89 | M46: =(D46-MIN(D$37:D$96))/(MAX(D$37:D$96)-MIN(D$37:D$96))-(B46-1)/59 -> 0.2579018 | N46: =(E46-MIN(E$37:E$96))/(MAX(E$37:E$96)-MIN(E$37:E$96))-(B46-1)/59 -> 0.40249653 | O46: =(F46-MIN(F$37:F$96))/(MAX(F$37:F$96)-MIN(F$37:F$96))-(B46-1)/59 -> 0.33188404 | P46: 0.2335 | Q46: 0.3938 | R46: 0.2958
B47: 11 | C47: =($C$28+$C$29*B47)/$C$26 -> 0.23888889 | D47: 2.5282 | E47: 19.2458 | F47: 9.1935 | G47: =D47/D$96 -> 0.45942213 | H47: =E47/E$96 -> 0.59113806 | I47: =F47/F$96 -> 0.54307182 | J47: =D47-D46 -> 0.3342 | K47: =E47-E46 -> 1.1384 | L47: =F47-F46 -> 1.0858 | M47: =(D47-MIN(D$37:D$96))/(MAX(D$37:D$96)-MIN(D$37:D$96))-(B47-1)/59 -> 0.30049618 | N47: =(E47-MIN(E$37:E$96))/(MAX(E$37:E$96)-MIN(E$37:E$96))-(B47-1)/59 -> 0.4206028 | O47: =(F47-MIN(F$37:F$96))/(MAX(F$37:F$96)-MIN(F$37:F$96))-(B47-1)/59 -> 0.37839819 | P47: 0.2481 | Q47: 0.4099 | R47: 0.3141
B48: 12 | C48: =($C$28+$C$29*B48)/$C$26 -> 0.24166667 | D48: 2.7001 | E48: 19.9276 | F48: 9.6962 | G48: =D48/D$96 -> 0.49065964 | H48: =E48/E$96 -> 0.61207966 | I48: =F48/F$96 -> 0.57276696 | J48: =D48-D47 -> 0.1719 | K48: =E48-E47 -> 0.6818 | L48: =F48-F47 -> 0.5027 | M48: =(D48-MIN(D$37:D$96))/(MAX(D$37:D$96)-MIN(D$37:D$96))-(B48-1)/59 -> 0.314174 | N48: =(E48-MIN(E$37:E$96))/(MAX(E$37:E$96)-MIN(E$37:E$96))-(B48-1)/59 -> 0.42464871 | O48: =(F48-MIN(F$37:F$96))/(MAX(F$37:F$96)-MIN(F$37:F$96))-(B48-1)/59 -> 0.39083107 | P48: 0.2602 | Q48: 0.4199 | R48: 0.3286
B49: 13 | C49: =($C$28+$C$29*B49)/$C$26 -> 0.24444444 | D49: 2.8549 | E49: 20.7713 | F49: 10.1657 | G49: =D49/D$96 -> 0.51878975 | H49: =E49/E$96 -> 0.63799405 | I49: =F49/F$96 -> 0.60050092 | J49: =D49-D48 -> 0.1548 | K49: =E49-E48 -> 0.8437 | L49: =F49-F48 -> 0.4695 | M49: =(D49-MIN(D$37:D$96))/(MAX(D$37:D$96)-MIN(D$37:D$96))-(B49-1)/59 -> 0.32480516 | N49: =(E49-MIN(E$37:E$96))/(MAX(E$37:E$96)-MIN(E$37:E$96))-(B49-1)/59 -> 0.4336801 | O49: =(F49-MIN(F$37:F$96))/(MAX(F$37:F$96)-MIN(F$37:F$96))-(B49-1)/59 -> 0.40132345 | P49: 0.2706 | Q49: 0.431 | R49: 0.3414
... B96: 60 | C96: =($C$28+$C$29*B96)/$C$26 -> 0.375 | D96: 5.503 | E96: 32.5572 | F96: 16.9287 | G96: =D96/D$96 -> 1 | H96: =E96/E$96 -> 1 | I96: =F96/F$96 -> 1 | J96: =D96-D95 -> 0.0314 | K96: =E96-E95 -> 0.0599 | L96: =F96-F95 -> 0.1455 | M96: =(D96-MIN(D$37:D$96))/(MAX(D$37:D$96)-MIN(D$37:D$96))-(B96-1)/59 -> 0 | N96: =(E96-MIN(E$37:E$96))/(MAX(E$37:E$96)-MIN(E$37:E$96))-(B96-1)/59 -> 0 | O96: =(F96-MIN(F$37:F$96))/(MAX(F$37:F$96)-MIN(F$37:F$96))-(B96-1)/59 -> 0 | P96: 0.484 | Q96: 0.6475 | R96: 0.5549
B97: Kneedle elbow (pooled curve) | M97: =INDEX($B$37:$B$96,MATCH(MAX(M37:M96),M37:M96,0)) -> 21 | N97: =INDEX($B$37:$B$96,MATCH(MAX(N37:N96),N37:N96,0)) -> 15 | O97: =INDEX($B$37:$B$96,MATCH(MAX(O37:O96),O37:O96,0)) -> 20
B98: Cap being tested (days) | C98: 21 | E98: Share of 60-day value at the cap → | G98: =INDEX(G37:G96,MATCH($C$98,$B$37:$B$96,0)) -> 0.71504634 | H98: =INDEX(H37:H96,MATCH($C$98,$B$37:$B$96,0)) -> 0.76295259 | I98: =INDEX(I37:I96,MATCH($C$98,$B$37:$B$96,0)) -> 0.75309977
B99: Share of 30-day value at the cap (engine headline: 87%) | G99: =INDEX(D37:D96,MATCH($C$98,$B$37:$B$96,0))/INDEX(D37:D96,MATCH(30,$B$37:$B$96,0)) -> 0.87972009 | H99: =INDEX(E37:E96,MATCH($C$98,$B$37:$B$96,0))/INDEX(E37:E96,MATCH(30,$B$37:$B$96,0)) -> 0.90500567 | I99: =INDEX(F37:F96,MATCH($C$98,$B$37:$B$96,0))/INDEX(F37:F96,MATCH(30,$B$37:$B$96,0)) -> 0.89759566
B100: Held RTOs resold by the cap vs P required at the cap | C100: {=INDEX(C37:C96,MATCH($C$98,$B$37:$B$96,0))} -> 0.26666667 | P100: =INDEX(P37:P96,MATCH($C$98,$B$37:$B$96,0)) -> 0.3361 | Q100: =INDEX(Q37:Q96,MATCH($C$98,$B$37:$B$96,0)) -> 0.4965 | R100: =INDEX(R37:R96,MATCH($C$98,$B$37:$B$96,0)) -> 0.4102
B101: Does the average held RTO clear the bar at the cap? | P101: =IF(P100>=$C$100,"Yes","No") -> Yes | Q101: =IF(Q100>=$C$100,"Yes","No") -> Yes | R101: =IF(R100>=$C$100,"Yes","No") -> Yes
B103: 3 · WHAT ONE MORE DAY BUYS: ₹ per RTO per extra day, by window
B104: Average gain per extra day of holding with 95% bootstrap intervals (product-cluster bootstrap). After day 21 a day adds ~4× less than in week 1.
B106: Window | C106: From day | D106: To day | E106: All products ₹/day | F106: low | G106: high | H106: Top-20 SKUs ₹/day | I106: low | J106: high | K106: São Paulo ₹/day | L106: low | M106: high | N106: All products: check from curve
B107: day 1–7 | C107: 1 | D107: 7 | E107: 0.259 | F107: 0.1578 | G107: 0.3554 | H107: 2.3627 | I107: 1.759 | J107: 2.9823 | K107: 0.9932 | L107: 0.6699 | M107: 1.3359 | N107: =(INDEX($D$37:$D$96,MATCH(D107,$B$37:$B$96,0))-INDEX($D$37:$D$96,MATCH(C107,$B$37:$B$96,0)))/(D107-C107) -> 0.25903333
B108: day 7–14 | C108: 7 | D108: 14 | E108: 0.2178 | F108: 0.1558 | G108: 0.2753 | H108: 0.9629 | I108: 0.6342 | J108: 1.3794 | K108: 0.6841 | L108: 0.5084 | M108: 0.8725 | N108: =(INDEX($D$37:$D$96,MATCH(D108,$B$37:$B$96,0))-INDEX($D$37:$D$96,MATCH(C108,$B$37:$B$96,0)))/(D108-C108) -> 0.21784286
B109: day 14–21 | C109: 14 | D109: 21 | E109: 0.1379 | F109: 0.0962 | G109: 0.1793 | H109: 0.5486 | I109: 0.3078 | J109: 0.8576 | K109: 0.3116 | L109: 0.2038 | M109: 0.4287 | N109: =(INDEX($D$37:$D$96,MATCH(D109,$B$37:$B$96,0))-INDEX($D$37:$D$96,MATCH(C109,$B$37:$B$96,0)))/(D109-C109) -> 0.13792857
B110: day 21–30 | C110: 21 | D110: 30 | E110: 0.0598 | F110: 0.0317 | G110: 0.0858 | H110: 0.2897 | I110: 0.132 | J110: 0.4993 | K110: 0.1616 | L110: 0.09 | M110: 0.2344 | N110: =(INDEX($D$37:$D$96,MATCH(D110,$B$37:$B$96,0))-INDEX($D$37:$D$96,MATCH(C110,$B$37:$B$96,0)))/(D110-C110) -> 0.059777778
B111: day 30–45 | C111: 30 | D111: 45 | E111: 0.0473 | F111: 0.0228 | G111: 0.0731 | H111: 0.2167 | I111: -0.0125 | J111: 0.4369 | K111: 0.1256 | L111: 0.0661 | M111: 0.1901 | N111: =(INDEX($D$37:$D$96,MATCH(D111,$B$37:$B$96,0))-INDEX($D$37:$D$96,MATCH(C111,$B$37:$B$96,0)))/(D111-C111) -> 0.047286667
B112: day 45–60 | C112: 45 | D112: 60 | E112: 0.0214 | F112: 0.0064 | G112: 0.0362 | H112: 0.124 | I112: 0.0294 | J112: 0.2066 | K112: 0.0561 | L112: 0.0178 | M112: 0.1003 | N112: =(INDEX($D$37:$D$96,MATCH(D112,$B$37:$B$96,0))-INDEX($D$37:$D$96,MATCH(C112,$B$37:$B$96,0)))/(D112-C112) -> 0.021386667
B113: Week-1 gain ÷ gain after day 21 | E113: =E107/E110 -> 4.3311037 | H113: =H107/H110 -> 8.1556783 | K113: =K107/K110 -> 6.1460396
B121: 4 · METHOD 1 — ALL PRODUCTS: average of five lenses
B122: Same idea as the radius study: compute the elbow through several "lenses" and average them, so no single grouping decides the answer.
B124: 4a · Product categories (≥ 300 RTOs): elbow and ₹ per RTO at each cap
B125: Category | C125: RTOs | D125: Elbow (days) | E125: Day reaching 80% of value | F125: ₹/RTO at 7 d | G125: ₹/RTO at 14 d | H125: ₹/RTO at 21 d | I125: ₹/RTO at 30 d | J125: ₹/RTO at 60 d | K125: Share of 60-d value at 21 d
B126: auto | C126: 940 | D126: 18 | E126: 17 | F126: 0.7922 | G126: 1.6035 | H126: 1.9801 | I126: 1.8443 | J126: 2.1674 | K126: =IF(J126>0,H126/J126,"–") -> 0.9135831
B127: baby | C127: 665 | D127: 26 | E127: 23 | F127: 0.0596 | G127: 2.2667 | H127: 2.7363 | I127: 3.4647 | J127: 3.8987 | K127: =IF(J127>0,H127/J127,"–") -> 0.70184933
B128: bed bath table | C128: 2068 | D128: 39 | E128: 34 | F128: 1.6493 | G128: 2.318 | H128: 3.5516 | I128: 4.7456 | J128: 6.5063 | K128: =IF(J128>0,H128/J128,"–") -> 0.54587093
B129: computers accessories | C129: 1424 | D129: 21 | E129: 24 | F129: 3.2416 | G129: 5.3818 | H129: 7.0321 | I129: 7.9087 | J129: 9.2348 | K129: =IF(J129>0,H129/J129,"–") -> 0.76147832
B130: cool stuff | C130: 523 | D130: 17 | E130: 49 | F130: -0.0771 | G130: 1.972 | H130: 3.0064 | I130: 3.3518 | J130: 5.8241 | K130: =IF(J130>0,H130/J130,"–") -> 0.51619993
B131: electronics | C131: 611 | D131: 22 | E131: 36 | F131: 0.0982 | G131: 2.2564 | H131: 3.0169 | I131: 3.4053 | J131: 4.976 | K131: =IF(J131>0,H131/J131,"–") -> 0.60629019
B132: fashion bags accessories | C132: 309 | D132: 19 | E132: 28 | F132: 1.0583 | G132: 1.4951 | H132: 4.2665 | I132: 4.7681 | J132: 5.5307 | K132: =IF(J132>0,H132/J132,"–") -> 0.77142134
B133: furniture decor | C133: 1342 | D133: 21 | E133: 10 | F133: 3.694 | G133: 5.0919 | H133: 5.6637 | I133: 5.1361 | J133: 5.0735 | K133: =IF(J133>0,H133/J133,"–") -> 1.1163299
B134: garden tools | C134: 664 | D134: 22 | E134: 24 | F134: 1.6918 | G134: 5.8665 | H134: 7.63 | I134: 9.4859 | J134: 10.2927 | K134: =IF(J134>0,H134/J134,"–") -> 0.74130209
B135: health beauty | C135: 2036 | D135: 19 | E135: 25 | F135: 2.9343 | G135: 7.2903 | H135: 9.3975 | I135: 10.7472 | J135: 12.3576 | K135: =IF(J135>0,H135/J135,"–") -> 0.7604632
B136: housewares | C136: 1353 | D136: 24 | E136: 22 | F136: -0.6856 | G136: -0.0872 | H136: 0.799 | I136: 0.4651 | J136: 1.0091 | K136: =IF(J136>0,H136/J136,"–") -> 0.79179467
B137: perfumery | C137: 527 | D137: 18 | E137: 3 | F137: 1.2929 | G137: 1.728 | H137: 1.5705 | I137: 0.9247 | J137: 0.0304 | K137: =IF(J137>0,H137/J137,"–") -> 51.661184
... B143: watches gifts | C143: 1553 | D143: 16 | E143: 39 | F143: 5.9824 | G143: 9.1786 | H143: 10.982 | I143: 12.3642 | J143: 17.9399 | K143: =IF(J143>0,H143/J143,"–") -> 0.61215503
B144: RTO-weighted elbow | D144: =SUMPRODUCT(C126:C143,D126:D143)/SUM(C126:C143) -> 21.344116
B146: 4b · Region types: elbow of each region curve
B147: Region type | C147: RTOs | D147: Elbow (days) | E147: Day reaching 80%
B148: Metros (São Paulo, Rio) | C148: 8549 | D148: 21 | E148: 29
B149: Mid-size cities | C149: 1406 | D149: 17 | E149: 51
B150: Small towns | C150: 11100 | D150: 32 | E150: 27
B151: RTO-weighted elbow | D151: =SUMPRODUCT(C148:C150,D148:D150)/SUM(C148:C150) -> 26.531988
B153: 4c · The five lenses → Method 1 result
B154: Lens | C154: Groups | D154: RTOs | E154: Elbow (days) | F154: How the elbow is computed
B155: All returns, one curve | C155: 1 | D155: 21055 | E155: =$M$97 -> 21 | F155: Kneedle on section 2
B156: Region types | C156: 3 | D156: 21055 | E156: =$D$151 -> 26.531988 | F156: RTO-weighted, 4b
B157: Product categories (≥ 300 RTOs) | C157: 18 | D157: 17744 | E157: =$D$144 -> 21.344116 | F157: RTO-weighted, 4a
B158: Category × region type (≥ 200 RTOs) | C158: 28 | D158: 14730 | E158: 16.3301 | F158: Measured (28 group curves)
B159: Single products (≥ 20 RTOs) | C159: 75 | D159: 3154 | E159: =SUMPRODUCT(C343:C417,D343:D417)/SUM(C343:C417) -> 17.317058 | F159: RTO-weighted, appendix A
B160: METHOD 1 RESULT = average of the five lenses | E160: =ROUND(AVERAGE(E155:E159),0) -> 21 | F160: =AVERAGE(E155:E159) -> 20.504652 | G160: ← unrounded
B163: 5 · METHOD 2 — TOP-20 SKUs: pooled elbow + per-SKU elbows
B164: Result = average of (a) the elbow of the pooled top-20 curve and (b) the RTO-weighted mean of each SKU's own elbow.
B166: Rank | C166: Product ID | D166: Category | E166: RTOs | F166: ₹/RTO at 7 d | G166: ₹/RTO at 14 d | H166: ₹/RTO at 21 d | I166: ₹/RTO at 30 d | J166: ₹/RTO at 60 d | K166: Elbow (days) | L166: Day reaching 80% | M166: Elbow ≤ 21 d? | N166: Note
B167: 1 | C167: 99a4788cb2… | D167: bed bath table | E167: 49 | F167: 28.3741 | G167: 34.068 | H167: 39.1156 | I167: 43.4966 | J167: 51.6259 | K167: 9 | L167: 22 | M167: =IF(K167="","–",IF(K167<=21,"Yes","No")) -> Yes
B168: 2 | C168: aca2eb7d00… | D168: furniture decor | E168: 169 | F168: 27.7653 | G168: 33.0651 | H168: 35.4103 | I168: 34.1519 | J168: 33.6154 | K168: 11 | L168: 8 | M168: =IF(K168="","–",IF(K168<=21,"Yes","No")) -> Yes
B169: 3 | C169: 422879e10f… | D169: garden tools | E169: 87 | F169: 6.2835 | G169: 20.5939 | H169: 21.6475 | I169: 23.2567 | J169: 22.9962 | K169: 11 | L169: 10 | M169: =IF(K169="","–",IF(K169<=21,"Yes","No")) -> Yes
B170: 4 | C170: d1c427060a… | D170: computers accessories | E170: 108 | F170: 3.3858 | G170: 16.608 | H170: 25.9228 | I170: 28.0556 | J170: 31.9414 | K170: 22 | L170: 21 | M170: =IF(K170="","–",IF(K170<=21,"Yes","No")) -> No
B171: 5 | C171: 389d119b48… | D171: garden tools | E171: 55 | F171: 3.2 | G171: 13.9152 | H171: 27.8242 | I171: 27.0061 | J171: 25.5394 | K171: 21 | L171: 19 | M171: =IF(K171="","–",IF(K171<=21,"Yes","No")) -> Yes
B172: 6 | C172: 53b36df67e… | D172: watches gifts | E172: 210 | F172: 20.2794 | G172: 21.9873 | H172: 23.3429 | I172: 25.4825 | J172: 43.8762 | K172: 7 | L172: 41 | M172: =IF(K172="","–",IF(K172<=21,"Yes","No")) -> Yes
B173: 7 | C173: 368c6c7308… | D173: garden tools | E173: 57 | F173: 13.2047 | G173: 22.7661 | H173: 21.848 | I173: 30.7427 | J173: 35.6082 | K173: 13 | L173: 29 | M173: =IF(K173="","–",IF(K173<=21,"Yes","No")) -> Yes
B174: 8 | C174: 53759a2ecd… | D174: garden tools | E174: 41 | F174: -1.8537 | G174: -4.7642 | H174: -0.561 | I174: 12.626 | J174: 10.3577 | K174: 29 | L174: 28 | M174: =IF(K174="","–",IF(K174<=21,"Yes","No")) -> No
...
